file_id,file_name,local_file_name,exif_datetime,width,height
1-4BJwufZujwcUk3-AxsvhtjwOoBjZnXJ,RESPARK_20200429_IMG0177.JPG,1-4BJwufZujwcUk3-AxsvhtjwOoBjZnXJ__RESPARK_20200429_IMG0177.JPG,2020:05:15 04:34:17,2688,1504
1-M228RnBCwlDZPBqnpaeVI5tPEBhw96j,RESPARK_20200429_IMG0026.JPG,1-M228RnBCwlDZPBqnpaeVI5tPEBhw96j__RESPARK_20200429_IMG0026.JPG,2020:05:02 01:05:47,2688,1504
1-QRJz3Msu8_Mmjn2Fh12zIm1QjbFNdaD,RESPARK_20200429_IMG0176.JPG,1-QRJz3Msu8_Mmjn2Fh12zIm1QjbFNdaD__RESPARK_20200429_IMG0176.JPG,2020:05:15 04:34:15,2688,1504
1-mf7UNplVlfR5zTscXgh77vWUmu6-Srq,RESPARK_20200429_IMG0219.JPG,1-mf7UNplVlfR5zTscXgh77vWUmu6-Srq__RESPARK_20200429_IMG0219.JPG,2020:05:16 16:09:57,2688,1504
10Fae6qQ0f4nqMO7BWt0vOgxL0F7rZr_R,RESPARK_20200429_IMG0220.JPG,10Fae6qQ0f4nqMO7BWt0vOgxL0F7rZr_R__RESPARK_20200429_IMG0220.JPG,2020:05:16 19:49:20,2688,1504
10LtX1JCltAw8xAnuH_9tKb1Oqe7mpxgM,RESPARK_20200429_IMG0270.JPG,10LtX1JCltAw8xAnuH_9tKb1Oqe7mpxgM__RESPARK_20200429_IMG0270.JPG,2020:05:19 13:12:59,2688,1504
10QyuiJuIvXyPclQC6XNHqwljxMqwtmse,RESPARK_20200429_IMG0253.JPG,10QyuiJuIvXyPclQC6XNHqwljxMqwtmse__RESPARK_20200429_IMG0253.JPG,2020:05:19 02:11:58,2688,1504
112vKy7pNcE-lQLPaDgWYCXDeeNMJhNcT,RESPARK_20200429_IMG0216.JPG,112vKy7pNcE-lQLPaDgWYCXDeeNMJhNcT__RESPARK_20200429_IMG0216.JPG,2020:05:16 04:02:23,2688,1504
11VvHCYDGX-s3gCJCalTsJQluovfqwD0Z,RESPARK_20200429_IMG0108.JPG,11VvHCYDGX-s3gCJCalTsJQluovfqwD0Z__RESPARK_20200429_IMG0108.JPG,2020:05:07 23:26:07,2688,1504
11fID2hj-qnDzG8GDPnk-HRHZAXZLnnbC,RESPARK_20200429_IMG0263.JPG,11fID2hj-qnDzG8GDPnk-HRHZAXZLnnbC__RESPARK_20200429_IMG0263.JPG,2020:05:19 03:41:48,2688,1504
120_8clh-9lWcuAHYVxCuTN_J7Vk5wJI2,RESPARK_20200429_IMG0090.JPG,120_8clh-9lWcuAHYVxCuTN_J7Vk5wJI2__RESPARK_20200429_IMG0090.JPG,2020:05:06 03:15:29,2688,1504
12O9uH21w9EkdtUgfJiq3gcaCyAx6LsIF,RESPARK_20200429_IMG0032.JPG,12O9uH21w9EkdtUgfJiq3gcaCyAx6LsIF__RESPARK_20200429_IMG0032.JPG,2020:05:02 03:25:42,2688,1504
12TJggVsaf9XlCLL5iFVVLW-8LnF9m6xe,RESPARK_20200429_IMG0213.JPG,12TJggVsaf9XlCLL5iFVVLW-8LnF9m6xe__RESPARK_20200429_IMG0213.JPG,2020:05:16 02:47:13,2688,1504
12yQj9mcXmHC1eE5pEI25rLD0obix5DOh,RESPARK_20200429_IMG0058.JPG,12yQj9mcXmHC1eE5pEI25rLD0obix5DOh__RESPARK_20200429_IMG0058.JPG,2020:05:04 20:57:17,2688,1504
13Hf1AeYtBP8rYGbQlqsnFTAwTGOjN0Pj,RESPARK_20200429_IMG0138.JPG,13Hf1AeYtBP8rYGbQlqsnFTAwTGOjN0Pj__RESPARK_20200429_IMG0138.JPG,2020:05:08 21:32:54,2688,1504
13lmsHIYGRoPgwfysEwiXims1PyQmGLlh,RESPARK_20200429_IMG0061.JPG,13lmsHIYGRoPgwfysEwiXims1PyQmGLlh__RESPARK_20200429_IMG0061.JPG,2020:05:04 21:30:07,2688,1504
14GEcfaVYdlLaRa76yyWwdaSZHSWiNTMD,RESPARK_20200429_IMG0044.JPG,14GEcfaVYdlLaRa76yyWwdaSZHSWiNTMD__RESPARK_20200429_IMG0044.JPG,2020:05:03 12:38:23,2688,1504
14nBAA6pX86E1KTHbvmrlHqJkS8xnEAZ3,RESPARK_20200429_IMG0186.JPG,14nBAA6pX86E1KTHbvmrlHqJkS8xnEAZ3__RESPARK_20200429_IMG0186.JPG,2020:05:15 21:40:00,2688,1504
15RpOFxMgGtczKEh5Coz9rnPQGFnN7iCS,RESPARK_20200429_IMG0128.JPG,15RpOFxMgGtczKEh5Coz9rnPQGFnN7iCS__RESPARK_20200429_IMG0128.JPG,2020:05:08 14:35:33,2688,1504
15WewPE4fjkf2z99t533rVwsg2VckL4fP,RESPARK_20200429_IMG0124.JPG,15WewPE4fjkf2z99t533rVwsg2VckL4fP__RESPARK_20200429_IMG0124.JPG,2020:05:08 08:36:42,2688,1504
16BTMW6fMQsFlOisdAWyAgV6Y6Xh0T9zd,RESPARK_20200429_IMG0182.JPG,16BTMW6fMQsFlOisdAWyAgV6Y6Xh0T9zd__RESPARK_20200429_IMG0182.JPG,2020:05:15 21:36:15,2688,1504
16QCnTazjy9MRuq1mpK4hgBPiFn4IZj_a,RESPARK_20200429_IMG0010.JPG,16QCnTazjy9MRuq1mpK4hgBPiFn4IZj_a__RESPARK_20200429_IMG0010.JPG,2020:05:01 13:47:02,2688,1504
16WyVqFu1bCeGTeWcvCRn69-uVEs3uqp-,RESPARK_20200429_IMG0041.JPG,16WyVqFu1bCeGTeWcvCRn69-uVEs3uqp-__RESPARK_20200429_IMG0041.JPG,2020:05:03 09:10:05,2688,1504
16dZwU0NsRDb01NqAkskiMmHOIrE4-me2,RESPARK_20200429_IMG0103.JPG,16dZwU0NsRDb01NqAkskiMmHOIrE4-me2__RESPARK_20200429_IMG0103.JPG,2020:05:07 21:14:08,2688,1504
16yPdGRGdUipjug1wT2B6LJNMLwYqPC3U,RESPARK_20200429_IMG0110.JPG,16yPdGRGdUipjug1wT2B6LJNMLwYqPC3U__RESPARK_20200429_IMG0110.JPG,2020:05:08 00:37:48,2688,1504
17D7cj8oher7b-w4TqB4yF7jF0BVEyRCs,RESPARK_20200429_IMG0248.JPG,17D7cj8oher7b-w4TqB4yF7jF0BVEyRCs__RESPARK_20200429_IMG0248.JPG,2020:05:18 22:54:57,2688,1504
17HLEIynSP1w485a-yaIRewdwCd0TPxOY,RESPARK_20200429_IMG0092.JPG,17HLEIynSP1w485a-yaIRewdwCd0TPxOY__RESPARK_20200429_IMG0092.JPG,2020:05:06 22:33:46,2688,1504
18BPwJufCqQl5BcQodK0gno2SkWt5TVNe,RESPARK_20200429_IMG0123.JPG,18BPwJufCqQl5BcQodK0gno2SkWt5TVNe__RESPARK_20200429_IMG0123.JPG,2020:05:08 04:31:48,2688,1504
18h7ndpIkYoi1NT78hzd4MdNNyyANuebY,RESPARK_20200429_IMG0232.JPG,18h7ndpIkYoi1NT78hzd4MdNNyyANuebY__RESPARK_20200429_IMG0232.JPG,2020:05:17 04:30:11,2688,1504
18tYMYSk5X_v3K_T6kP-bvbj6l1acgw6b,RESPARK_20200429_IMG0142.JPG,18tYMYSk5X_v3K_T6kP-bvbj6l1acgw6b__RESPARK_20200429_IMG0142.JPG,2020:05:10 06:17:31,2688,1504
1943hEPsF6qR6goB8nyIgQz9obaNHdQmY,RESPARK_20200429_IMG0292.JPG,1943hEPsF6qR6goB8nyIgQz9obaNHdQmY__RESPARK_20200429_IMG0292.JPG,2020:05:20 16:32:44,2688,1504
199fQXFp6qw8z47qGwA2b_elDcm_Ieprc,RESPARK_20200429_IMG0015.JPG,199fQXFp6qw8z47qGwA2b_elDcm_Ieprc__RESPARK_20200429_IMG0015.JPG,2020:05:01 14:39:39,2688,1504
19OlhWR3W8aVlctbQGfWJwVc60BzfxGAj,RESPARK_20200429_IMG0004.JPG,19OlhWR3W8aVlctbQGfWJwVc60BzfxGAj__RESPARK_20200429_IMG0004.JPG,2020:05:01 12:14:32,2688,1504
19TEa7VB1hEy8hsZJCL6MDDdFmJjoLtZb,RESPARK_20200429_IMG0022.JPG,19TEa7VB1hEy8hsZJCL6MDDdFmJjoLtZb__RESPARK_20200429_IMG0022.JPG,2020:05:02 00:56:53,2688,1504
19TgHzZfF42HTe0G2FmqLkBrEhp8p1d8M,RESPARK_20200429_IMG0238.JPG,19TgHzZfF42HTe0G2FmqLkBrEhp8p1d8M__RESPARK_20200429_IMG0238.JPG,2020:05:17 13:22:57,2688,1504
19Y2C-XWvN8Tu-CA3Dom5G3tXoYSqOTqT,RESPARK_20200429_IMG0117.JPG,19Y2C-XWvN8Tu-CA3Dom5G3tXoYSqOTqT__RESPARK_20200429_IMG0117.JPG,2020:05:08 00:47:54,2688,1504
19_qf2gBBRdWH_9I9VsE_ZsbxxQjy04_y,RESPARK_20200429_IMG0237.JPG,19_qf2gBBRdWH_9I9VsE_ZsbxxQjy04_y__RESPARK_20200429_IMG0237.JPG,2020:05:17 04:32:36,2688,1504
19iSpRkXi2TX5yy1h01Ro8osEw5ZdFZ0b,RESPARK_20200429_IMG0013.JPG,19iSpRkXi2TX5yy1h01Ro8osEw5ZdFZ0b__RESPARK_20200429_IMG0013.JPG,2020:05:01 14:39:35,2688,1504
19rnqAeHt9E0kCGtqswCYRe5j7BmN_Wzz,RESPARK_20200429_IMG0114.JPG,19rnqAeHt9E0kCGtqswCYRe5j7BmN_Wzz__RESPARK_20200429_IMG0114.JPG,2020:05:08 00:43:50,2688,1504
1A3OA15-o0wOW7FyF4FEKukuT2lC6jLnK,RESPARK_20200429_IMG0282.JPG,1A3OA15-o0wOW7FyF4FEKukuT2lC6jLnK__RESPARK_20200429_IMG0282.JPG,2020:05:19 15:43:05,2688,1504
1AJBlQwYV4cMD_GVMhqmr3shLzRMJuJuA,RESPARK_20200429_IMG0271.JPG,1AJBlQwYV4cMD_GVMhqmr3shLzRMJuJuA__RESPARK_20200429_IMG0271.JPG,2020:05:19 14:52:37,2688,1504
1AVEPaZHtKolz1cuaNpLDrgSQX1orOLjh,RESPARK_20200429_IMG0160.JPG,1AVEPaZHtKolz1cuaNpLDrgSQX1orOLjh__RESPARK_20200429_IMG0160.JPG,2020:05:12 13:26:32,2688,1504
1AVvtXI2cB2p6vzFTsT8ejB5JPnwgKIOh,RESPARK_20200429_IMG0197.JPG,1AVvtXI2cB2p6vzFTsT8ejB5JPnwgKIOh__RESPARK_20200429_IMG0197.JPG,2020:05:15 22:47:45,2688,1504
1Aac9AyyRm0jSq_BM0vEd6NU3NOardwM4,RESPARK_20200429_IMG0250.JPG,1Aac9AyyRm0jSq_BM0vEd6NU3NOardwM4__RESPARK_20200429_IMG0250.JPG,2020:05:19 00:08:23,2688,1504
1AepTPEp5ErDz9JD2iES7FMCigCt7Bmog,RESPARK_20200429_IMG0094.JPG,1AepTPEp5ErDz9JD2iES7FMCigCt7Bmog__RESPARK_20200429_IMG0094.JPG,2020:05:07 02:19:47,2688,1504
1BDd9qzCwDC0dVES3ZZVYWB2UCkH4WMo,_RESPARK_20200429_IMG0076.JPG,1BDd9qzCwDC0dVES3ZZVYWB2UCkH4WMo___RESPARK_20200429_IMG0076.JPG,2020:05:05 13:22:33,2688,1504
1BPFL8f0DXoA_cDknepcSlK4lgHh-vrit,RESPARK_20200429_IMG0127.JPG,1BPFL8f0DXoA_cDknepcSlK4lgHh-vrit__RESPARK_20200429_IMG0127.JPG,2020:05:08 14:35:31,2688,1504
1BTLtLszf-6VMd9zvI0Vk73Hl9KGF6BlR,RESPARK_20200429_IMG0290.JPG,1BTLtLszf-6VMd9zvI0Vk73Hl9KGF6BlR__RESPARK_20200429_IMG0290.JPG,2020:05:20 15:18:05,2688,1504
1BXFRxFy1UO1u7P5XLEs2aNEoy1GU9Vxk,RESPARK_20200429_IMG0258.JPG,1BXFRxFy1UO1u7P5XLEs2aNEoy1GU9Vxk__RESPARK_20200429_IMG0258.JPG,2020:05:19 02:45:02,2688,1504
1BZ9majlYRD0_W3oOS1R58XMMXk8XJLDW,RESPARK_20200429_IMG0175.JPG,1BZ9majlYRD0_W3oOS1R58XMMXk8XJLDW__RESPARK_20200429_IMG0175.JPG,2020:05:15 04:34:12,2688,1504
1C2QIYGhxk366GIg4uQB2rOFdn5PRub6W,RESPARK_20200429_IMG0056.JPG,1C2QIYGhxk366GIg4uQB2rOFdn5PRub6W__RESPARK_20200429_IMG0056.JPG,2020:05:04 20:56:14,2688,1504
1C2iGw4ruR3lQ7L9nTKhVVC1lmeZmyGYm,RESPARK_20200429_IMG0254.JPG,1C2iGw4ruR3lQ7L9nTKhVVC1lmeZmyGYm__RESPARK_20200429_IMG0254.JPG,2020:05:19 02:12:01,2688,1504
1CBdthPDWBQOZO55M9K0pUdylXlDOjSQg,RESPARK_20200429_IMG0194.JPG,1CBdthPDWBQOZO55M9K0pUdylXlDOjSQg__RESPARK_20200429_IMG0194.JPG,2020:05:15 21:49:26,2688,1504
1CG18gDKy9oi8QmIWXGu-aSuclJip6Jox,RESPARK_20200429_IMG0136.JPG,1CG18gDKy9oi8QmIWXGu-aSuclJip6Jox__RESPARK_20200429_IMG0136.JPG,2020:05:08 21:32:49,2688,1504
1CPsad77YzBKttQSNdESLx6m7mtdnfoNK,RESPARK_20200429_IMG0086.JPG,1CPsad77YzBKttQSNdESLx6m7mtdnfoNK__RESPARK_20200429_IMG0086.JPG,2020:05:05 22:44:58,2688,1504
1CbAlxUhsA2Qzubf9YhU-pYScEGs9XUy9,RESPARK_20200429_IMG0193.JPG,1CbAlxUhsA2Qzubf9YhU-pYScEGs9XUy9__RESPARK_20200429_IMG0193.JPG,2020:05:15 21:49:23,2688,1504
1DCNBHCUd232CxhSuG0ifF7QjQ-e0g95F,RESPARK_20200429_IMG0111.JPG,1DCNBHCUd232CxhSuG0ifF7QjQ-e0g95F__RESPARK_20200429_IMG0111.JPG,2020:05:08 00:37:50,2688,1504
1DMiVXpmelIt5xQo-Swp0LQ5MK0VOE4FZ,RESPARK_20200429_IMG0187.JPG,1DMiVXpmelIt5xQo-Swp0LQ5MK0VOE4FZ__RESPARK_20200429_IMG0187.JPG,2020:05:15 21:41:21,2688,1504
1DPd93Y7BueOfqPvu1Frbrg19V5kXeNhN,RESPARK_20200429_IMG0166.JPG,1DPd93Y7BueOfqPvu1Frbrg19V5kXeNhN__RESPARK_20200429_IMG0166.JPG,2020:05:13 23:10:01,2688,1504
1DXZ7bsEFMEayAs06vd4siEAYV0tphbTN,RESPARK_20200429_IMG0278.JPG,1DXZ7bsEFMEayAs06vd4siEAYV0tphbTN__RESPARK_20200429_IMG0278.JPG,2020:05:19 15:40:00,2688,1504
1E2Db9zeERnywACdD4QxEEhXnAq9D_aEd,RESPARK_20200429_IMG0091.JPG,1E2Db9zeERnywACdD4QxEEhXnAq9D_aEd__RESPARK_20200429_IMG0091.JPG,2020:05:06 22:33:44,2688,1504
1E5PBCWCuRyVJSkBZNy_Ccdxh2F8Q9Qso,RESPARK_20200429_IMG0291.JPG,1E5PBCWCuRyVJSkBZNy_Ccdxh2F8Q9Qso__RESPARK_20200429_IMG0291.JPG,2020:05:20 15:18:07,2688,1504
1E7heHuX-cSuRr7hm0bm-2pwOgJvvs6PJ,RESPARK_20200429_IMG0057.JPG,1E7heHuX-cSuRr7hm0bm-2pwOgJvvs6PJ__RESPARK_20200429_IMG0057.JPG,2020:05:04 20:56:16,2688,1504
1E97dEYJW-MnRJf5baDAihLu_FIXGbd9D,RESPARK_20200429_IMG0132.JPG,1E97dEYJW-MnRJf5baDAihLu_FIXGbd9D__RESPARK_20200429_IMG0132.JPG,2020:05:08 15:39:19,2688,1504
1ERtWBjXa5S_YirCWRTIWGOXmj5J0S0iz,RESPARK_20200429_IMG0211.JPG,1ERtWBjXa5S_YirCWRTIWGOXmj5J0S0iz__RESPARK_20200429_IMG0211.JPG,2020:05:16 02:47:09,2688,1504
1EeHAsBFZ8dr0PXNF5iWxDx_fwQnLlE4U,RESPARK_20200429_IMG0279.JPG,1EeHAsBFZ8dr0PXNF5iWxDx_fwQnLlE4U__RESPARK_20200429_IMG0279.JPG,2020:05:19 15:40:02,2688,1504
1EkyruDIlFPATGCpx29RzKgd26rktniNd,RESPARK_20200429_IMG0051.JPG,1EkyruDIlFPATGCpx29RzKgd26rktniNd__RESPARK_20200429_IMG0051.JPG,2020:05:04 06:44:48,2688,1504
1FFT-ZKKDkICLivriF1vAg0uaAeyQfwOv,RESPARK_20200429_IMG0195.JPG,1FFT-ZKKDkICLivriF1vAg0uaAeyQfwOv__RESPARK_20200429_IMG0195.JPG,2020:05:15 21:49:28,2688,1504
1FHRrl7FPdIBxXrg75Q0zEpdhMpr7iuUV,RESPARK_20200429_IMG0203.JPG,1FHRrl7FPdIBxXrg75Q0zEpdhMpr7iuUV__RESPARK_20200429_IMG0203.JPG,2020:05:15 22:59:43,2688,1504
1FJmswRervHci-J3hzrbPWyBbs_m-Azr7,RESPARK_20200429_IMG0145.JPG,1FJmswRervHci-J3hzrbPWyBbs_m-Azr7__RESPARK_20200429_IMG0145.JPG,2020:05:10 14:36:05,2688,1504
1F_AwM1T_WtaN77MTwgWGwGQaCT9JC2kx,RESPARK_20200429_IMG0277.JPG,1F_AwM1T_WtaN77MTwgWGwGQaCT9JC2kx__RESPARK_20200429_IMG0277.JPG,2020:05:19 15:39:58,2688,1504
1Fo9tFHMrelQbA9rSt1vLuRII6NYjpwUO,RESPARK_20200429_IMG0252.JPG,1Fo9tFHMrelQbA9rSt1vLuRII6NYjpwUO__RESPARK_20200429_IMG0252.JPG,2020:05:19 00:08:27,2688,1504
1Fsnin4eUVB1bi8hPYZYreokp8yFehLMo,RESPARK_20200429_IMG0228.JPG,1Fsnin4eUVB1bi8hPYZYreokp8yFehLMo__RESPARK_20200429_IMG0228.JPG,2020:05:17 02:25:35,2688,1504
1G4rjBcW4VtzqJClceMrV1xiP0Vyxd8LI,RESPARK_20200429_IMG0077.JPG,1G4rjBcW4VtzqJClceMrV1xiP0Vyxd8LI__RESPARK_20200429_IMG0077.JPG,2020:05:05 13:22:35,2688,1504
1G7tKirBX_noUsT6WyDiN5SYcP7muJy7L,RESPARK_20200429_IMG0039.JPG,1G7tKirBX_noUsT6WyDiN5SYcP7muJy7L__RESPARK_20200429_IMG0039.JPG,2020:05:03 08:59:11,2688,1504
1GL5TBNBVomO9xeoGyzcYez7TqYz7jLVk,RESPARK_20200429_IMG0244.JPG,1GL5TBNBVomO9xeoGyzcYez7TqYz7jLVk__RESPARK_20200429_IMG0244.JPG,2020:05:17 15:01:14,2688,1504
1GMRfuBX9XtjNsX0SburIqAzcerQ2tORA,RESPARK_20200429_IMG0227.JPG,1GMRfuBX9XtjNsX0SburIqAzcerQ2tORA__RESPARK_20200429_IMG0227.JPG,2020:05:17 02:25:33,2688,1504
1GOQZETjWgW5J8O22kA3L_HgVIHxVvgEs,RESPARK_20200429_IMG0060.JPG,1GOQZETjWgW5J8O22kA3L_HgVIHxVvgEs__RESPARK_20200429_IMG0060.JPG,2020:05:04 20:57:22,2688,1504
1GR9Vu25X9hNw0FRr_ZP4WKK-4R7Leyzm,RESPARK_20200429_IMG0192.JPG,1GR9Vu25X9hNw0FRr_ZP4WKK-4R7Leyzm__RESPARK_20200429_IMG0192.JPG,2020:05:15 21:42:33,2688,1504
1Ga9KGPGHJq4WK92f5JKHW-5dZtV-0VSz,RESPARK_20200429_IMG0198.JPG,1Ga9KGPGHJq4WK92f5JKHW-5dZtV-0VSz__RESPARK_20200429_IMG0198.JPG,2020:05:15 22:47:48,2688,1504
1Gm0pAO0BwiAnsKqf-0iWvthnFPTbMGOI,RESPARK_20200429_IMG0113.JPG,1Gm0pAO0BwiAnsKqf-0iWvthnFPTbMGOI__RESPARK_20200429_IMG0113.JPG,2020:05:08 00:43:48,2688,1504
1H87wn-4svhrf6aVWQnF1GKhLyZLDujss,RESPARK_20200429_IMG0063.JPG,1H87wn-4svhrf6aVWQnF1GKhLyZLDujss__RESPARK_20200429_IMG0063.JPG,2020:05:04 21:30:11,2688,1504
1HMtzSwUTw8wUFxZU5G5K0ikpXTltFes5,RESPARK_20200429_IMG0207.JPG,1HMtzSwUTw8wUFxZU5G5K0ikpXTltFes5__RESPARK_20200429_IMG0207.JPG,2020:05:16 00:36:46,2688,1504
1HZELlrwz3OjGWRuTGXX5kKSyHSmwbEsi,RESPARK_20200429_IMG0293.JPG,1HZELlrwz3OjGWRuTGXX5kKSyHSmwbEsi__RESPARK_20200429_IMG0293.JPG,2020:05:20 16:32:46,2688,1504
1HZU29EAq6FfVcuITay7WNmfQ8hBoThAs,RESPARK_20200429_IMG0006.JPG,1HZU29EAq6FfVcuITay7WNmfQ8hBoThAs__RESPARK_20200429_IMG0006.JPG,2020:05:01 12:14:37,2688,1504
1HlN_iLa_8IZ0wmmXf1Xi6-YrnUoRKBD,_RESPARK_20200429_IMG0036.JPG,1HlN_iLa_8IZ0wmmXf1Xi6-YrnUoRKBD___RESPARK_20200429_IMG0036.JPG,2020:05:03 03:27:00,2688,1504
1IHUpew-d2RffnNwBP5t2RPWa7FneXB_z,RESPARK_20200429_IMG0047.JPG,1IHUpew-d2RffnNwBP5t2RPWa7FneXB_z__RESPARK_20200429_IMG0047.JPG,2020:05:03 20:48:58,2688,1504
1IHwhuMYFMm4F2yU7qmu0nbV8OMjvGeGz,RESPARK_20200429_IMG0274.JPG,1IHwhuMYFMm4F2yU7qmu0nbV8OMjvGeGz__RESPARK_20200429_IMG0274.JPG,2020:05:19 15:10:17,2688,1504
1IsfaSUBA_vbM6cWCGEap5qKA8VqFUWfD,RESPARK_20200429_IMG0023.JPG,1IsfaSUBA_vbM6cWCGEap5qKA8VqFUWfD__RESPARK_20200429_IMG0023.JPG,2020:05:02 00:56:55,2688,1504
1J0M3ZOLe9IOfDG9sNb9-TieU_whqnn5T,RESPARK_20200429_IMG0129.JPG,1J0M3ZOLe9IOfDG9sNb9-TieU_whqnn5T__RESPARK_20200429_IMG0129.JPG,2020:05:08 14:35:35,2688,1504
1JDHCW1xzvaR633NOCk-qzhZItFIP91NS,RESPARK_20200429_IMG0073.JPG,1JDHCW1xzvaR633NOCk-qzhZItFIP91NS__RESPARK_20200429_IMG0073.JPG,2020:05:05 05:28:31,2688,1504
1JioGpKc1hJCZSFD_LGiXGYQzEZQXD69C,RESPARK_20200429_IMG0008.JPG,1JioGpKc1hJCZSFD_LGiXGYQzEZQXD69C__RESPARK_20200429_IMG0008.JPG,2020:05:01 12:32:47,2688,1504
1JmyWeSkhKJOrYluDOs11uIwlQ7Orovwe,RESPARK_20200429_IMG0070.JPG,1JmyWeSkhKJOrYluDOs11uIwlQ7Orovwe__RESPARK_20200429_IMG0070.JPG,2020:05:04 23:54:22,2688,1504
1KlPYb6dzPAcvn7QM5KmKx3piNlCF6Xu3,RESPARK_20200429_IMG0296.JPG,1KlPYb6dzPAcvn7QM5KmKx3piNlCF6Xu3__RESPARK_20200429_IMG0296.JPG,2020:05:20 21:31:56,2688,1504
1Kw8lMs1HwWei2utepAle8ytPFYI-zE8p,RESPARK_20200429_IMG0087.JPG,1Kw8lMs1HwWei2utepAle8ytPFYI-zE8p__RESPARK_20200429_IMG0087.JPG,2020:05:05 22:45:00,2688,1504
1LJ32tIN4eOlR8pjyW4EGbwuspoJ3DGKQ,RESPARK_20200429_IMG0231.JPG,1LJ32tIN4eOlR8pjyW4EGbwuspoJ3DGKQ__RESPARK_20200429_IMG0231.JPG,2020:05:17 02:29:31,2688,1504
1Lc2o-dY9lm-ykHzc27ZRlGd8KhHDrRn2,RESPARK_20200429_IMG0116.JPG,1Lc2o-dY9lm-ykHzc27ZRlGd8KhHDrRn2__RESPARK_20200429_IMG0116.JPG,2020:05:08 00:47:52,2688,1504
1MXT2fUX0jl5ulq-dJnpaVggOy7FpyhxN,RESPARK_20200429_IMG0269.JPG,1MXT2fUX0jl5ulq-dJnpaVggOy7FpyhxN__RESPARK_20200429_IMG0269.JPG,2020:05:19 13:12:56,2688,1504
1MZ5q0J-_FAfFrfPOFC9wC_zEFr5C-3Gc,RESPARK_20200429_IMG0065.JPG,1MZ5q0J-_FAfFrfPOFC9wC_zEFr5C-3Gc__RESPARK_20200429_IMG0065.JPG,2020:05:04 23:03:22,2688,1504
1MduP1Jf6ijeA-89_bXrgQkTY74g9Ewxe,RESPARK_20200429_IMG0078.JPG,1MduP1Jf6ijeA-89_bXrgQkTY74g9Ewxe__RESPARK_20200429_IMG0078.JPG,2020:05:05 13:22:37,2688,1504
1MjIiCM05fEEtNBUW4w_nykRutrcSymRJ,RESPARK_20200429_IMG0034.JPG,1MjIiCM05fEEtNBUW4w_nykRutrcSymRJ__RESPARK_20200429_IMG0034.JPG,2020:05:03 03:26:56,2688,1504
1MpJH9FL_UsYFNvuA23tqkKDcI8xwPG4W,RESPARK_20200429_IMG0154.JPG,1MpJH9FL_UsYFNvuA23tqkKDcI8xwPG4W__RESPARK_20200429_IMG0154.JPG,2020:05:12 01:30:48,2688,1504
1MphSvC66IRyfejZ7BrrIiWqN52ll_U3u,RESPARK_20200429_IMG0115.JPG,1MphSvC66IRyfejZ7BrrIiWqN52ll_U3u__RESPARK_20200429_IMG0115.JPG,2020:05:08 00:47:50,2688,1504
1MrUpwjWHpQbL5KSro3xk6zc8IzQEXC0v,RESPARK_20200429_IMG0001.JPG,1MrUpwjWHpQbL5KSro3xk6zc8IzQEXC0v__RESPARK_20200429_IMG0001.JPG,2020:05:01 11:55:28,2688,1504
1N1QDFYEo1hHTL0HxcMtoKkLqxP-fQt1u,RESPARK_20200429_IMG0214.JPG,1N1QDFYEo1hHTL0HxcMtoKkLqxP-fQt1u__RESPARK_20200429_IMG0214.JPG,2020:05:16 04:02:19,2688,1504
1NZ80K6FwQOjX-ClqSx9JsWClhBcjfCTH,RESPARK_20200429_IMG0169.JPG,1NZ80K6FwQOjX-ClqSx9JsWClhBcjfCTH__RESPARK_20200429_IMG0169.JPG,2020:05:14 04:08:47,2688,1504
1Nif4B85_9RsY2j3IAFLZXA5WP6MmRGCj,RESPARK_20200429_IMG0038.JPG,1Nif4B85_9RsY2j3IAFLZXA5WP6MmRGCj__RESPARK_20200429_IMG0038.JPG,2020:05:03 08:59:09,2688,1504
1NjZmHT_tQTuoSYSF6eZaORb8i3FoMAoT,RESPARK_20200429_IMG0267.JPG,1NjZmHT_tQTuoSYSF6eZaORb8i3FoMAoT__RESPARK_20200429_IMG0267.JPG,2020:05:19 11:53:01,2688,1504
1NpCaBGo8cfX8,-H1ScUvnwbxbGCgNW1__RESPARK_20200429_IMG0188.JPG,1NpCaBGo8cfX8__-H1ScUvnwbxbGCgNW1__RESPARK_20200429_IMG0188.JPG,2020:05:15 21:41:23,2688,1504
1O0U8SluT8KxOYfa_kfVWIIakKnJ1IIKy,RESPARK_20200429_IMG0259.JPG,1O0U8SluT8KxOYfa_kfVWIIakKnJ1IIKy__RESPARK_20200429_IMG0259.JPG,2020:05:19 03:38:50,2688,1504
1O1IpqTaCN8nIVuLXXFV3nBQ7OMBuboNW,RESPARK_20200429_IMG0236.JPG,1O1IpqTaCN8nIVuLXXFV3nBQ7OMBuboNW__RESPARK_20200429_IMG0236.JPG,2020:05:17 04:32:34,2688,1504
1OA-OvkK4jQFU9ul9zKXv5RrsBhCT-SJz,RESPARK_20200429_IMG0256.JPG,1OA-OvkK4jQFU9ul9zKXv5RrsBhCT-SJz__RESPARK_20200429_IMG0256.JPG,2020:05:19 02:44:58,2688,1504
1OEqlpOmbAvRpexhn--FEja9EUtjNkqnf,RESPARK_20200429_IMG0234.JPG,1OEqlpOmbAvRpexhn--FEja9EUtjNkqnf__RESPARK_20200429_IMG0234.JPG,2020:05:17 04:30:15,2688,1504
1OHE5hQF95tpbyYI2x7iILlI1U4BaN83I,RESPARK_20200429_IMG0181.JPG,1OHE5hQF95tpbyYI2x7iILlI1U4BaN83I__RESPARK_20200429_IMG0181.JPG,2020:05:15 21:36:13,2688,1504
1OIg91i3UBjRpuSZnV5CAxxThHG-ra0M9,RESPARK_20200429_IMG0140.JPG,1OIg91i3UBjRpuSZnV5CAxxThHG-ra0M9__RESPARK_20200429_IMG0140.JPG,2020:05:10 06:07:37,2688,1504
1OML2QVvbhHDwgftClK_iv7lCOC-WODIT,RESPARK_20200429_IMG0205.JPG,1OML2QVvbhHDwgftClK_iv7lCOC-WODIT__RESPARK_20200429_IMG0205.JPG,2020:05:16 00:36:41,2688,1504
1OcSA9Tea0CottXwV0EwS2tdK-oucRrQg,RESPARK_20200429_IMG0297.JPG,1OcSA9Tea0CottXwV0EwS2tdK-oucRrQg__RESPARK_20200429_IMG0297.JPG,2020:05:20 21:31:58,2688,1504
1Oi0nvvMSyGt5uZkQldgW16HZ6GuPQ9T4,RESPARK_20200429_IMG0159.JPG,1Oi0nvvMSyGt5uZkQldgW16HZ6GuPQ9T4__RESPARK_20200429_IMG0159.JPG,2020:05:12 12:32:58,2688,1504
1OnM1ozDWVRHqUjiYDTwnqwk7G8aC-oP8,RESPARK_20200429_IMG0045.JPG,1OnM1ozDWVRHqUjiYDTwnqwk7G8aC-oP8__RESPARK_20200429_IMG0045.JPG,2020:05:03 12:38:25,2688,1504
1OpIz-OlYVVF1MuJV0s0dia-kOuyhkz5s,RESPARK_20200429_IMG0286.JPG,1OpIz-OlYVVF1MuJV0s0dia-kOuyhkz5s__RESPARK_20200429_IMG0286.JPG,2020:05:20 04:05:02,2688,1504
1P2TXfWKnfuUMmEqUEfDcZG2IGIAVCumE,RESPARK_20200429_IMG0265.JPG,1P2TXfWKnfuUMmEqUEfDcZG2IGIAVCumE__RESPARK_20200429_IMG0265.JPG,2020:05:19 11:52:57,2688,1504
1PB6IGJ6cwli1JSdnK0BsuFXUsYtYmDa7,RESPARK_20200429_IMG0082.JPG,1PB6IGJ6cwli1JSdnK0BsuFXUsYtYmDa7__RESPARK_20200429_IMG0082.JPG,2020:05:05 21:44:30,2688,1504
1PBQ30L15qRM5OdTefMxBF4cJKOE2_cBe,RESPARK_20200429_IMG0168.JPG,1PBQ30L15qRM5OdTefMxBF4cJKOE2_cBe__RESPARK_20200429_IMG0168.JPG,2020:05:13 23:10:05,2688,1504
1PENhjvP8xmYLsWpacIsw0w8Xa-Z8y5X0,RESPARK_20200429_IMG0273.JPG,1PENhjvP8xmYLsWpacIsw0w8Xa-Z8y5X0__RESPARK_20200429_IMG0273.JPG,2020:05:19 14:52:42,2688,1504
1PVlp29GaSN_0TQ8G4HunoufZ65buBC11,RESPARK_20200429_IMG0046.JPG,1PVlp29GaSN_0TQ8G4HunoufZ65buBC11__RESPARK_20200429_IMG0046.JPG,2020:05:03 20:48:56,2688,1504
1Pb6AT9PKKS3fX0q_h9xSqkkKbke-X1j7,RESPARK_20200429_IMG0003.JPG,1Pb6AT9PKKS3fX0q_h9xSqkkKbke-X1j7__RESPARK_20200429_IMG0003.JPG,2020:05:01 11:55:33,2688,1504
1Q0hB8pT6GzRgQauERtxh0YkBJtuDbHJx,RESPARK_20200429_IMG0268.JPG,1Q0hB8pT6GzRgQauERtxh0YkBJtuDbHJx__RESPARK_20200429_IMG0268.JPG,2020:05:19 13:12:54,2688,1504
1Q82QQ99Un_aMjjxiN1X7HGzHmaW5gWk-,RESPARK_20200429_IMG0285.JPG,1Q82QQ99Un_aMjjxiN1X7HGzHmaW5gWk-__RESPARK_20200429_IMG0285.JPG,2020:05:19 16:05:57,2688,1504
1QI7dw_n8q0avWiABeEnIyZgxiFi0abvA,RESPARK_20200429_IMG0190.JPG,1QI7dw_n8q0avWiABeEnIyZgxiFi0abvA__RESPARK_20200429_IMG0190.JPG,2020:05:15 21:42:29,2688,1504
1Qok4IkwkPgStfF9qLM0khsr58oAKT7Lw,RESPARK_20200429_IMG0173.JPG,1Qok4IkwkPgStfF9qLM0khsr58oAKT7Lw__RESPARK_20200429_IMG0173.JPG,2020:05:15 03:45:23,2688,1504
1R0T-sVR_B6XOmwA2nIDXUS6_DlHqCoup,RESPARK_20200429_IMG0185.JPG,1R0T-sVR_B6XOmwA2nIDXUS6_DlHqCoup__RESPARK_20200429_IMG0185.JPG,2020:05:15 21:39:57,2688,1504
1RAxq61xE86JZYTEwiYa6lpSWBNvoBPy2,RESPARK_20200429_IMG0241.JPG,1RAxq61xE86JZYTEwiYa6lpSWBNvoBPy2__RESPARK_20200429_IMG0241.JPG,2020:05:17 14:07:22,2688,1504
1RIl0xORo5icl9oOl8XaIIASrH1J6tSL2,RESPARK_20200429_IMG0043.JPG,1RIl0xORo5icl9oOl8XaIIASrH1J6tSL2__RESPARK_20200429_IMG0043.JPG,2020:05:03 12:38:21,2688,1504
1RZ3PSFYN9CIhOw_EPlUpgKn8USndQQVm,RESPARK_20200429_IMG0280.JPG,1RZ3PSFYN9CIhOw_EPlUpgKn8USndQQVm__RESPARK_20200429_IMG0280.JPG,2020:05:19 15:43:00,2688,1504
1Rcuu1Y1Zaug60ladARXOBjlUzXnq16Il,RESPARK_20200429_IMG0012.JPG,1Rcuu1Y1Zaug60ladARXOBjlUzXnq16Il__RESPARK_20200429_IMG0012.JPG,2020:05:01 13:47:06,2688,1504
1Rfc8MY3goM_GyhvIU2UgFe8hDD5TAVPg,RESPARK_20200429_IMG0189.JPG,1Rfc8MY3goM_GyhvIU2UgFe8hDD5TAVPg__RESPARK_20200429_IMG0189.JPG,2020:05:15 21:41:25,2688,1504
1S7ZoAiHUxLoqxoPpWi61qjl2FHRw0VZF,RESPARK_20200429_IMG0163.JPG,1S7ZoAiHUxLoqxoPpWi61qjl2FHRw0VZF__RESPARK_20200429_IMG0163.JPG,2020:05:13 15:30:56,2688,1504
1SDnzharUDT6SbzBx5VlpQ792vST52QWG,RESPARK_20200429_IMG0184.JPG,1SDnzharUDT6SbzBx5VlpQ792vST52QWG__RESPARK_20200429_IMG0184.JPG,2020:05:15 21:39:55,2688,1504
1SImqt8vmhWpzudzQSmZYMzoMfMPDGrjZ,RESPARK_20200429_IMG0208.JPG,1SImqt8vmhWpzudzQSmZYMzoMfMPDGrjZ__RESPARK_20200429_IMG0208.JPG,2020:05:16 01:59:42,2688,1504
1SSA_DA-fECrQXsI0eYv3a3pZuR5nztdF,RESPARK_20200429_IMG0158.JPG,1SSA_DA-fECrQXsI0eYv3a3pZuR5nztdF__RESPARK_20200429_IMG0158.JPG,2020:05:12 12:32:56,2688,1504
1SnYLCUBxOJ9HXZLoc0uXx6OKVQdhOhfa,RESPARK_20200429_IMG0266.JPG,1SnYLCUBxOJ9HXZLoc0uXx6OKVQdhOhfa__RESPARK_20200429_IMG0266.JPG,2020:05:19 11:52:59,2688,1504
1Sr7Sagxz0xSbbTiSFCS3ye4qahPGWU0G,RESPARK_20200429_IMG0075.JPG,1Sr7Sagxz0xSbbTiSFCS3ye4qahPGWU0G__RESPARK_20200429_IMG0075.JPG,2020:05:05 05:28:35,2688,1504
1T6EdgKrCIttc1vOyVywBfLjGFzaPO8Ve,RESPARK_20200429_IMG0048.JPG,1T6EdgKrCIttc1vOyVywBfLjGFzaPO8Ve__RESPARK_20200429_IMG0048.JPG,2020:05:03 20:49:00,2688,1504
1T9u_sKA9ISrDUC84ANcXNz9PKqbrRZ-k,RESPARK_20200429_IMG0249.JPG,1T9u_sKA9ISrDUC84ANcXNz9PKqbrRZ-k__RESPARK_20200429_IMG0249.JPG,2020:05:18 22:54:59,2688,1504
1TA0Y7UpcwEnGRtDZ64yVJk4Th3fSQNcU,RESPARK_20200429_IMG0119.JPG,1TA0Y7UpcwEnGRtDZ64yVJk4Th3fSQNcU__RESPARK_20200429_IMG0119.JPG,2020:05:08 03:35:45,2688,1504
1TCMgtbNaMGKBaN1FEfD5Qmz4ucJ5iWhW,RESPARK_20200429_IMG0055.JPG,1TCMgtbNaMGKBaN1FEfD5Qmz4ucJ5iWhW__RESPARK_20200429_IMG0055.JPG,2020:05:04 20:56:12,2688,1504
1THbgE_eCcTQuMG-KsLojdFfViMZk03IY,RESPARK_20200429_IMG0222.JPG,1THbgE_eCcTQuMG-KsLojdFfViMZk03IY__RESPARK_20200429_IMG0222.JPG,2020:05:16 19:49:24,2688,1504
1TbCOqMPV_gceoQHs7s68P7WfhuZEaPZx,RESPARK_20200429_IMG0059.JPG,1TbCOqMPV_gceoQHs7s68P7WfhuZEaPZx__RESPARK_20200429_IMG0059.JPG,2020:05:04 20:57:20,2688,1504
1TfVsO0K2dNAq3OCC3wxsPy4lllxULe9z,RESPARK_20200429_IMG0179.JPG,1TfVsO0K2dNAq3OCC3wxsPy4lllxULe9z__RESPARK_20200429_IMG0179.JPG,2020:05:15 05:20:41,2688,1504
1Tl9lHMhoZjYrvi-4d5V7tdqSq7Z-hGf-,RESPARK_20200429_IMG0260.JPG,1Tl9lHMhoZjYrvi-4d5V7tdqSq7Z-hGf-__RESPARK_20200429_IMG0260.JPG,2020:05:19 03:38:53,2688,1504
1TpX5YbqFnW2drIhJlT6k_AKF37wTrrSH,RESPARK_20200429_IMG0201.JPG,1TpX5YbqFnW2drIhJlT6k_AKF37wTrrSH__RESPARK_20200429_IMG0201.JPG,2020:05:15 22:49:21,2688,1504
1UAN45LAAxitp7FXt8pWlWCo2jKDeYkkZ,RESPARK_20200429_IMG0206.JPG,1UAN45LAAxitp7FXt8pWlWCo2jKDeYkkZ__RESPARK_20200429_IMG0206.JPG,2020:05:16 00:36:44,2688,1504
1UZGiQ6RuR0Q9vFkFdxfovABLd4SdCEmH,RESPARK_20200429_IMG0151.JPG,1UZGiQ6RuR0Q9vFkFdxfovABLd4SdCEmH__RESPARK_20200429_IMG0151.JPG,2020:05:11 21:52:59,2688,1504
1UicDCpclNSvmj94rlkJBrQUsB6OtwXXe,RESPARK_20200429_IMG0165.JPG,1UicDCpclNSvmj94rlkJBrQUsB6OtwXXe__RESPARK_20200429_IMG0165.JPG,2020:05:13 15:31:00,2688,1504
1UoBC6gd8Z94bmtArGsCjgssHTTNBa,H__RESPARK_20200429_IMG0064.JPG,1UoBC6gd8Z94bmtArGsCjgssHTTNBa__H__RESPARK_20200429_IMG0064.JPG,2020:05:04 23:03:20,2688,1504
1V4ptIZCWX1UfWLtbyfd9Phmmkj110fjY,RESPARK_20200429_IMG0109.JPG,1V4ptIZCWX1UfWLtbyfd9Phmmkj110fjY__RESPARK_20200429_IMG0109.JPG,2020:05:08 00:37:46,2688,1504
1VJ5U3gcxp91_44xV8Vn0MXk0brzUewJW,RESPARK_20200429_IMG0016.JPG,1VJ5U3gcxp91_44xV8Vn0MXk0brzUewJW__RESPARK_20200429_IMG0016.JPG,2020:05:01 16:29:29,2688,1504
1VMC1rGeS2aG5qlJzSWVhQrB_kPNzkxHP,RESPARK_20200429_IMG0153.JPG,1VMC1rGeS2aG5qlJzSWVhQrB_kPNzkxHP__RESPARK_20200429_IMG0153.JPG,2020:05:11 21:53:03,2688,1504
1VNEner7zwyowwAJuqpLe9mAz5no8XYS1,RESPARK_20200429_IMG0068.JPG,1VNEner7zwyowwAJuqpLe9mAz5no8XYS1__RESPARK_20200429_IMG0068.JPG,2020:05:04 23:22:04,2688,1504
1VavAtp71DUHIYGcY9-CB9ePVa7Rgx8EG,RESPARK_20200429_IMG0134.JPG,1VavAtp71DUHIYGcY9-CB9ePVa7Rgx8EG__RESPARK_20200429_IMG0134.JPG,2020:05:08 16:05:54,2688,1504
1VfJUbfvpFtjjrrCZ4m3a5FgX3YtH8Twu,RESPARK_20200429_IMG0146.JPG,1VfJUbfvpFtjjrrCZ4m3a5FgX3YtH8Twu__RESPARK_20200429_IMG0146.JPG,2020:05:10 14:36:08,2688,1504
1WAVW0_x-d5kIVxS7XPYKalnOyu2sIn80,RESPARK_20200429_IMG0069.JPG,1WAVW0_x-d5kIVxS7XPYKalnOyu2sIn80__RESPARK_20200429_IMG0069.JPG,2020:05:04 23:22:06,2688,1504
1WEUibr8nNtA_W5YV4a91oRfMAcWjdzC6,RESPARK_20200429_IMG0017.JPG,1WEUibr8nNtA_W5YV4a91oRfMAcWjdzC6__RESPARK_20200429_IMG0017.JPG,2020:05:01 16:29:32,2688,1504
1WJrDnw4Fvtv2ymgx1iDHiEL9FQnmdYCG,RESPARK_20200429_IMG0018.JPG,1WJrDnw4Fvtv2ymgx1iDHiEL9FQnmdYCG__RESPARK_20200429_IMG0018.JPG,2020:05:01 16:29:34,2688,1504
1WYBUVqoBBZJx5mv9Q354OciogJh5hOTD,RESPARK_20200429_IMG0049.JPG,1WYBUVqoBBZJx5mv9Q354OciogJh5hOTD__RESPARK_20200429_IMG0049.JPG,2020:05:04 06:44:44,2688,1504
1WYrRgPWt_xLLMJGDbhEbST3fHKm2TJjH,RESPARK_20200429_IMG0264.JPG,1WYrRgPWt_xLLMJGDbhEbST3fHKm2TJjH__RESPARK_20200429_IMG0264.JPG,2020:05:19 03:41:50,2688,1504
1WiCFUqkSvANI8h2xI4EOEnQB1S3wKkvm,RESPARK_20200429_IMG0225.JPG,1WiCFUqkSvANI8h2xI4EOEnQB1S3wKkvm__RESPARK_20200429_IMG0225.JPG,2020:05:16 22:42:16,2688,1504
1WsRpvRYEcY6Kth1OYNMo1PnpMnk2qXWB,RESPARK_20200429_IMG0242.JPG,1WsRpvRYEcY6Kth1OYNMo1PnpMnk2qXWB__RESPARK_20200429_IMG0242.JPG,2020:05:17 14:07:24,2688,1504
1WtZvwCDl-dmCcjxaqfLNFgbQyEbl6M7O,RESPARK_20200429_IMG0261.JPG,1WtZvwCDl-dmCcjxaqfLNFgbQyEbl6M7O__RESPARK_20200429_IMG0261.JPG,2020:05:19 03:38:55,2688,1504
1WzYLSbFuRl-vf1lKDW_SDccwW9usdYyO,RESPARK_20200429_IMG0085.JPG,1WzYLSbFuRl-vf1lKDW_SDccwW9usdYyO__RESPARK_20200429_IMG0085.JPG,2020:05:05 22:44:55,2688,1504
1X5mOed9hYrUTX_8YWd_ccQPrpLhyNWFX,RESPARK_20200429_IMG0243.JPG,1X5mOed9hYrUTX_8YWd_ccQPrpLhyNWFX__RESPARK_20200429_IMG0243.JPG,2020:05:17 14:07:26,2688,1504
1XCZQQZIJDKEOOc0wsyYVPsVj3lZXkW32,RESPARK_20200429_IMG0275.JPG,1XCZQQZIJDKEOOc0wsyYVPsVj3lZXkW32__RESPARK_20200429_IMG0275.JPG,2020:05:19 15:10:19,2688,1504
1XDyxyuypm2Tqb8P3Cj5h37uQEeIn0x1N,RESPARK_20200429_IMG0067.JPG,1XDyxyuypm2Tqb8P3Cj5h37uQEeIn0x1N__RESPARK_20200429_IMG0067.JPG,2020:05:04 23:22:02,2688,1504
1XH8aJ0LtlS1a7b_JjJiLhbpck7Oa_GJV,RESPARK_20200429_IMG0298.JPG,1XH8aJ0LtlS1a7b_JjJiLhbpck7Oa_GJV__RESPARK_20200429_IMG0298.JPG,2020:05:20 22:41:41,2688,1504
1Xe-pUZS1BgZUHZZM8XPnRdylCrKgiVSY,RESPARK_20200429_IMG0100.JPG,1Xe-pUZS1BgZUHZZM8XPnRdylCrKgiVSY__RESPARK_20200429_IMG0100.JPG,2020:05:07 04:55:08,2688,1504
1YBtt02a9nkZQWWMaVcHMmto1lmLeK2Ch,RESPARK_20200429_IMG0133.JPG,1YBtt02a9nkZQWWMaVcHMmto1lmLeK2Ch__RESPARK_20200429_IMG0133.JPG,2020:05:08 16:05:52,2688,1504
1Ya1WU7-OpfKFNmse-C1KfHEbplCttgwh,RESPARK_20200429_IMG0294.JPG,1Ya1WU7-OpfKFNmse-C1KfHEbplCttgwh__RESPARK_20200429_IMG0294.JPG,2020:05:20 16:32:49,2688,1504
1Yb9kFzLfnm0EG8LY9V6oElTEYs3ruvzf,RESPARK_20200429_IMG0031.JPG,1Yb9kFzLfnm0EG8LY9V6oElTEYs3ruvzf__RESPARK_20200429_IMG0031.JPG,2020:05:02 03:25:40,2688,1504
1Z_8bEEU0eTHbcVFOGCiK6Q1PCQcFtOs1,RESPARK_20200429_IMG0020.JPG,1Z_8bEEU0eTHbcVFOGCiK6Q1PCQcFtOs1__RESPARK_20200429_IMG0020.JPG,2020:05:01 16:58:58,2688,1504
1ZdCCj40nc_4_UQQcotaAu4QKE6YAqZ4P,RESPARK_20200429_IMG0083.JPG,1ZdCCj40nc_4_UQQcotaAu4QKE6YAqZ4P__RESPARK_20200429_IMG0083.JPG,2020:05:05 21:44:32,2688,1504
1_Nait2zbTaq0g2Np-2X_yPplY8PE9ke5,RESPARK_20200429_IMG0005.JPG,1_Nait2zbTaq0g2Np-2X_yPplY8PE9ke5__RESPARK_20200429_IMG0005.JPG,2020:05:01 12:14:34,2688,1504
1_PvXBqqUPgHd_jUOzNCyS_TMyUIP-Yae,RESPARK_20200429_IMG0149.JPG,1_PvXBqqUPgHd_jUOzNCyS_TMyUIP-Yae__RESPARK_20200429_IMG0149.JPG,2020:05:11 00:55:06,2688,1504
1_TbJnDgmfu_kGQd_USRQQfNiCx1gWE7b,RESPARK_20200429_IMG0178.JPG,1_TbJnDgmfu_kGQd_USRQQfNiCx1gWE7b__RESPARK_20200429_IMG0178.JPG,2020:05:15 05:20:39,2688,1504
1a3f2MabdaCStVtjLPwh6HalYXedTEE3j,RESPARK_20200429_IMG0204.JPG,1a3f2MabdaCStVtjLPwh6HalYXedTEE3j__RESPARK_20200429_IMG0204.JPG,2020:05:15 22:59:45,2688,1504
1aHU4dPDOLdkeAH5qvN1QqFlUh4qqAW2K,RESPARK_20200429_IMG0224.JPG,1aHU4dPDOLdkeAH5qvN1QqFlUh4qqAW2K__RESPARK_20200429_IMG0224.JPG,2020:05:16 22:42:14,2688,1504
1aWJq8VN2xnW_u07vVTQxDWXQ0eAbmgzC,RESPARK_20200429_IMG0102.JPG,1aWJq8VN2xnW_u07vVTQxDWXQ0eAbmgzC__RESPARK_20200429_IMG0102.JPG,2020:05:07 04:55:12,2688,1504
1aYKRTNnaaakjvvrQynCTsmJfJasdpeqe,RESPARK_20200429_IMG0104.JPG,1aYKRTNnaaakjvvrQynCTsmJfJasdpeqe__RESPARK_20200429_IMG0104.JPG,2020:05:07 21:14:10,2688,1504
1a_bKXaPvgC31iTpkGBPTQQGQCsNVUQzQ,RESPARK_20200429_IMG0050.JPG,1a_bKXaPvgC31iTpkGBPTQQGQCsNVUQzQ__RESPARK_20200429_IMG0050.JPG,2020:05:04 06:44:46,2688,1504
1anGbYklPxG29bQKyUH9Dj3gjt8FNApMm,RESPARK_20200429_IMG0196.JPG,1anGbYklPxG29bQKyUH9Dj3gjt8FNApMm__RESPARK_20200429_IMG0196.JPG,2020:05:15 22:47:43,2688,1504
1atIxULhFQgTnF969OXn27o3Dwmx80DEX,RESPARK_20200429_IMG0014.JPG,1atIxULhFQgTnF969OXn27o3Dwmx80DEX__RESPARK_20200429_IMG0014.JPG,2020:05:01 14:39:37,2688,1504
1b33i6OPUR-h5pWN477LtH4nIMTgVV5H4,RESPARK_20200429_IMG0215.JPG,1b33i6OPUR-h5pWN477LtH4nIMTgVV5H4__RESPARK_20200429_IMG0215.JPG,2020:05:16 04:02:21,2688,1504
1bZO43N9eTtNMHYNa3G8N6knmaNWprs8m,RESPARK_20200429_IMG0011.JPG,1bZO43N9eTtNMHYNa3G8N6knmaNWprs8m__RESPARK_20200429_IMG0011.JPG,2020:05:01 13:47:04,2688,1504
1bpYZa6FOau5FQCMsLHKswvG_UKAs-dXl,RESPARK_20200429_IMG0074.JPG,1bpYZa6FOau5FQCMsLHKswvG_UKAs-dXl__RESPARK_20200429_IMG0074.JPG,2020:05:05 05:28:33,2688,1504
1cTY_sPoM_D2PCS1wh3yNwvOOVlJUJNI0,RESPARK_20200429_IMG0096.JPG,1cTY_sPoM_D2PCS1wh3yNwvOOVlJUJNI0__RESPARK_20200429_IMG0096.JPG,2020:05:07 02:19:52,2688,1504
1ceDngtvJuVW3lQOvaSMlkGjPyvLXI7_t,RESPARK_20200429_IMG0135.JPG,1ceDngtvJuVW3lQOvaSMlkGjPyvLXI7_t__RESPARK_20200429_IMG0135.JPG,2020:05:08 16:05:56,2688,1504
1cqXTf4JeCcgGsGyb7XGUSQUH9aM4by4H,RESPARK_20200429_IMG0141.JPG,1cqXTf4JeCcgGsGyb7XGUSQUH9aM4by4H__RESPARK_20200429_IMG0141.JPG,2020:05:10 06:07:39,2688,1504
1ctA7kFqHjy8NzQqJOM23F1CE3uhfRLmI,RESPARK_20200429_IMG0093.JPG,1ctA7kFqHjy8NzQqJOM23F1CE3uhfRLmI__RESPARK_20200429_IMG0093.JPG,2020:05:06 22:33:48,2688,1504
1d13sCBv93V55-ANk9elXZ60YI8Rbj9Kn,RESPARK_20200429_IMG0125.JPG,1d13sCBv93V55-ANk9elXZ60YI8Rbj9Kn__RESPARK_20200429_IMG0125.JPG,2020:05:08 08:36:45,2688,1504
1dBM9xIRAKn9Zf8maskqIk4CeouzrhF_P,RESPARK_20200429_IMG0143.JPG,1dBM9xIRAKn9Zf8maskqIk4CeouzrhF_P__RESPARK_20200429_IMG0143.JPG,2020:05:10 06:17:33,2688,1504
1dKKgRH-E5N6ouaQF6Wq_f11ytVf-5-I3,RESPARK_20200429_IMG0202.JPG,1dKKgRH-E5N6ouaQF6Wq_f11ytVf-5-I3__RESPARK_20200429_IMG0202.JPG,2020:05:15 22:59:41,2688,1504
1dehrp2PdkKVlcosTJSfF0RzVJcIp13dT,RESPARK_20200429_IMG0171.JPG,1dehrp2PdkKVlcosTJSfF0RzVJcIp13dT__RESPARK_20200429_IMG0171.JPG,2020:05:14 04:08:52,2688,1504
1dit2X2P0JTucKQEQTyiSyakqddZIpVud,RESPARK_20200429_IMG0272.JPG,1dit2X2P0JTucKQEQTyiSyakqddZIpVud__RESPARK_20200429_IMG0272.JPG,2020:05:19 14:52:39,2688,1504
1ds9jT_zxAsFU2VQIuUd8hPWf3ACPd9zR,RESPARK_20200429_IMG0295.JPG,1ds9jT_zxAsFU2VQIuUd8hPWf3ACPd9zR__RESPARK_20200429_IMG0295.JPG,2020:05:20 21:31:54,2688,1504
1dwZK6TkaOFvuR971Ji88VW54qMQAxdcS,RESPARK_20200429_IMG0009.JPG,1dwZK6TkaOFvuR971Ji88VW54qMQAxdcS__RESPARK_20200429_IMG0009.JPG,2020:05:01 12:32:49,2688,1504
1dwjNp2u0WcI4tKTHb7Vc617s_L9YV69n,RESPARK_20200429_IMG0170.JPG,1dwjNp2u0WcI4tKTHb7Vc617s_L9YV69n__RESPARK_20200429_IMG0170.JPG,2020:05:14 04:08:49,2688,1504
1dx2i20L8y0UQaxRNKObE_IPGXbtIKWNg,RESPARK_20200429_IMG0079.JPG,1dx2i20L8y0UQaxRNKObE_IPGXbtIKWNg__RESPARK_20200429_IMG0079.JPG,2020:05:05 21:43:12,2688,1504
1e7bawGtuD50P_pWJjLKadajwIrOTnpwg,RESPARK_20200429_IMG0066.JPG,1e7bawGtuD50P_pWJjLKadajwIrOTnpwg__RESPARK_20200429_IMG0066.JPG,2020:05:04 23:03:24,2688,1504
1e8SHOFoIwJedYtBEBm8BQIv12Cn-kgey,RESPARK_20200429_IMG0035.JPG,1e8SHOFoIwJedYtBEBm8BQIv12Cn-kgey__RESPARK_20200429_IMG0035.JPG,2020:05:03 03:26:58,2688,1504
1eZLkN540sKJIFXIab_VAJrVZmXgbnXaG,RESPARK_20200429_IMG0019.JPG,1eZLkN540sKJIFXIab_VAJrVZmXgbnXaG__RESPARK_20200429_IMG0019.JPG,2020:05:01 16:58:56,2688,1504
1fe_dFNq8KLmqLhR6F59zb0GRtEE_np1S,RESPARK_20200429_IMG0221.JPG,1fe_dFNq8KLmqLhR6F59zb0GRtEE_np1S__RESPARK_20200429_IMG0221.JPG,2020:05:16 19:49:22,2688,1504
1fexITvkq1hVkPfnBqJRc1rbRwMaldbu-,RESPARK_20200429_IMG0200.JPG,1fexITvkq1hVkPfnBqJRc1rbRwMaldbu-__RESPARK_20200429_IMG0200.JPG,2020:05:15 22:49:19,2688,1504
1gEpNRBZtSdRHe0HZvoOpW4_gPOPrLZ-F,RESPARK_20200429_IMG0150.JPG,1gEpNRBZtSdRHe0HZvoOpW4_gPOPrLZ-F__RESPARK_20200429_IMG0150.JPG,2020:05:11 00:55:09,2688,1504
1gVINcfzpvuMpe8Lrwnmr7PpyLdWcb6jY,RESPARK_20200429_IMG0210.JPG,1gVINcfzpvuMpe8Lrwnmr7PpyLdWcb6jY__RESPARK_20200429_IMG0210.JPG,2020:05:16 01:59:47,2688,1504
1gqKVX6Y9JQJqrKgL2vI1R_Il0I8Hj7bX,RESPARK_20200429_IMG0030.JPG,1gqKVX6Y9JQJqrKgL2vI1R_Il0I8Hj7bX__RESPARK_20200429_IMG0030.JPG,2020:05:02 02:47:11,2688,1504
1hAr9czEKB65Zg9ctix0kP34XVOW8gCBY,RESPARK_20200429_IMG0164.JPG,1hAr9czEKB65Zg9ctix0kP34XVOW8gCBY__RESPARK_20200429_IMG0164.JPG,2020:05:13 15:30:58,2688,1504
1hGifdR0pLZo6GJdwo8Kb3sW8SCBBBWCG,RESPARK_20200429_IMG0088.JPG,1hGifdR0pLZo6GJdwo8Kb3sW8SCBBBWCG__RESPARK_20200429_IMG0088.JPG,2020:05:06 03:15:25,2688,1504
1hHonRJUiQ88PfZr46JYeWtTsUnVugwdK,RESPARK_20200429_IMG0235.JPG,1hHonRJUiQ88PfZr46JYeWtTsUnVugwdK__RESPARK_20200429_IMG0235.JPG,2020:05:17 04:32:32,2688,1504
1hNUC7xo_mY6-WteZVak_VYFO12Qo9GfD,RESPARK_20200429_IMG0126.JPG,1hNUC7xo_mY6-WteZVak_VYFO12Qo9GfD__RESPARK_20200429_IMG0126.JPG,2020:05:08 08:36:47,2688,1504
1hPypLq_aEbujG0U33z8USp7exBxJmC9t,RESPARK_20200429_IMG0052.JPG,1hPypLq_aEbujG0U33z8USp7exBxJmC9t__RESPARK_20200429_IMG0052.JPG,2020:05:04 14:10:16,2688,1504
1hQJJ8H6JP5dwnw7ufTtdvKZhMkiFsPzm,RESPARK_20200429_IMG0072.JPG,1hQJJ8H6JP5dwnw7ufTtdvKZhMkiFsPzm__RESPARK_20200429_IMG0072.JPG,2020:05:04 23:54:27,2688,1504
1he4fzuEBNpm3PmxdxKVAcA6NRrBc_tUJ,RESPARK_20200429_IMG0105.JPG,1he4fzuEBNpm3PmxdxKVAcA6NRrBc_tUJ__RESPARK_20200429_IMG0105.JPG,2020:05:07 21:14:12,2688,1504
1hjnR8j7eTyUdSE6KAr17fCrWISiM8uPk,RESPARK_20200429_IMG0071.JPG,1hjnR8j7eTyUdSE6KAr17fCrWISiM8uPk__RESPARK_20200429_IMG0071.JPG,2020:05:04 23:54:25,2688,1504
1hqFBWtihHAmhKwPDLTIttNWkEWmnRr4n,RESPARK_20200429_IMG0233.JPG,1hqFBWtihHAmhKwPDLTIttNWkEWmnRr4n__RESPARK_20200429_IMG0233.JPG,2020:05:17 04:30:13,2688,1504
1ht2nxuZY5V3QOkntu3MPQWMhjGAY04io,RESPARK_20200429_IMG0246.JPG,1ht2nxuZY5V3QOkntu3MPQWMhjGAY04io__RESPARK_20200429_IMG0246.JPG,2020:05:17 15:01:18,2688,1504
1humwIyY-X-o1jWxlHNU5sB3SDqbLa5De,RESPARK_20200429_IMG0120.JPG,1humwIyY-X-o1jWxlHNU5sB3SDqbLa5De__RESPARK_20200429_IMG0120.JPG,2020:05:08 03:35:47,2688,1504
1iLeuJtkKMRVY8Iyt4kmXY06bCRujPbqj,RESPARK_20200429_IMG0025.JPG,1iLeuJtkKMRVY8Iyt4kmXY06bCRujPbqj__RESPARK_20200429_IMG0025.JPG,2020:05:02 01:05:44,2688,1504
1iP0knv8arib_XLfDTHp8g70Jz0PPNgUt,RESPARK_20200429_IMG0229.JPG,1iP0knv8arib_XLfDTHp8g70Jz0PPNgUt__RESPARK_20200429_IMG0229.JPG,2020:05:17 02:29:26,2688,1504
1iQd7m7-VRlnsFnnNp0D-uzOaLSmuGDV6,RESPARK_20200429_IMG0007.JPG,1iQd7m7-VRlnsFnnNp0D-uzOaLSmuGDV6__RESPARK_20200429_IMG0007.JPG,2020:05:01 12:32:44,2688,1504
1iYVUJucZKtWuAK03lwKYkAH0qa11pTCG,RESPARK_20200429_IMG0226.JPG,1iYVUJucZKtWuAK03lwKYkAH0qa11pTCG__RESPARK_20200429_IMG0226.JPG,2020:05:17 02:25:31,2688,1504
1iaVsjFUVrGY3LpUmQgtMBjZ3wI9yFWgU,RESPARK_20200429_IMG0089.JPG,1iaVsjFUVrGY3LpUmQgtMBjZ3wI9yFWgU__RESPARK_20200429_IMG0089.JPG,2020:05:06 03:15:27,2688,1504
1iyTKkmJMC71FrD2AkS4DQjHAzGiKdi0X,RESPARK_20200429_IMG0144.JPG,1iyTKkmJMC71FrD2AkS4DQjHAzGiKdi0X__RESPARK_20200429_IMG0144.JPG,2020:05:10 06:17:36,2688,1504
1jCg9puGnY6VZG4jnu97i7vN-9VzvlBlE,RESPARK_20200429_IMG0239.JPG,1jCg9puGnY6VZG4jnu97i7vN-9VzvlBlE__RESPARK_20200429_IMG0239.JPG,2020:05:17 13:22:59,2688,1504
1jJMuIlqH0erwj8-Tej08dUoQ2AECXoLy,RESPARK_20200429_IMG0062.JPG,1jJMuIlqH0erwj8-Tej08dUoQ2AECXoLy__RESPARK_20200429_IMG0062.JPG,2020:05:04 21:30:09,2688,1504
1jNh2X9kleYRH1XU7DtrlksKuvGuBPb0i,RESPARK_20200429_IMG0276.JPG,1jNh2X9kleYRH1XU7DtrlksKuvGuBPb0i__RESPARK_20200429_IMG0276.JPG,2020:05:19 15:10:22,2688,1504
1jTYbUj6CWlidgLXRYY2MXcRp0lWz-paT,RESPARK_20200429_IMG0081.JPG,1jTYbUj6CWlidgLXRYY2MXcRp0lWz-paT__RESPARK_20200429_IMG0081.JPG,2020:05:05 21:43:16,2688,1504
1jWp54xKCekyWleXDslFbCLXBDzd66cb9,RESPARK_20200429_IMG0247.JPG,1jWp54xKCekyWleXDslFbCLXBDzd66cb9__RESPARK_20200429_IMG0247.JPG,2020:05:18 22:54:55,2688,1504
1jxYnd76Qwo2JG-yZ4mkgdN2idUgIU5O0,RESPARK_20200429_IMG0218.JPG,1jxYnd76Qwo2JG-yZ4mkgdN2idUgIU5O0__RESPARK_20200429_IMG0218.JPG,2020:05:16 16:09:55,2688,1504
1jztloSI6trlSsXno-ACu_4NJDHKrxBPb,RESPARK_20200429_IMG0106.JPG,1jztloSI6trlSsXno-ACu_4NJDHKrxBPb__RESPARK_20200429_IMG0106.JPG,2020:05:07 23:26:03,2688,1504
1k9opsIlN2vuAI4YkwIep8nxMdy6T8dP6,RESPARK_20200429_IMG0262.JPG,1k9opsIlN2vuAI4YkwIep8nxMdy6T8dP6__RESPARK_20200429_IMG0262.JPG,2020:05:19 03:41:46,2688,1504
1kAuepjneGK0MqeLS2SuDtgtPd_Dym0oW,RESPARK_20200429_IMG0212.JPG,1kAuepjneGK0MqeLS2SuDtgtPd_Dym0oW__RESPARK_20200429_IMG0212.JPG,2020:05:16 02:47:11,2688,1504
1kBRpqHzPw1funkqwlaAF118B-hBKjSLy,RESPARK_20200429_IMG0251.JPG,1kBRpqHzPw1funkqwlaAF118B-hBKjSLy__RESPARK_20200429_IMG0251.JPG,2020:05:19 00:08:25,2688,1504
1kV40_heOREnChu5TEo0weeE0CAh0qIBt,RESPARK_20200429_IMG0155.JPG,1kV40_heOREnChu5TEo0weeE0CAh0qIBt__RESPARK_20200429_IMG0155.JPG,2020:05:12 01:30:50,2688,1504
1lOeZAQumyR_lREcdBihbgddqN5BgiIVs,RESPARK_20200429_IMG0161.JPG,1lOeZAQumyR_lREcdBihbgddqN5BgiIVs__RESPARK_20200429_IMG0161.JPG,2020:05:12 13:26:34,2688,1504
1lSDqurDOX6Y3gYpK5-w12kLyUcgLm7n,_RESPARK_20200429_IMG0172.JPG,1lSDqurDOX6Y3gYpK5-w12kLyUcgLm7n___RESPARK_20200429_IMG0172.JPG,2020:05:15 03:45:21,2688,1504
1m6Xc7FEovJGYTzq6uxjvwn_5QL35OJHw,RESPARK_20200429_IMG0131.JPG,1m6Xc7FEovJGYTzq6uxjvwn_5QL35OJHw__RESPARK_20200429_IMG0131.JPG,2020:05:08 15:39:17,2688,1504
1mMPgkqnLeDrhCqP0sajh1Gh74OqKevVC,RESPARK_20200429_IMG0289.JPG,1mMPgkqnLeDrhCqP0sajh1Gh74OqKevVC__RESPARK_20200429_IMG0289.JPG,2020:05:20 15:18:03,2688,1504
1mMm9V_PynAQyrbSC0L_JEL9CdkZrt54O,RESPARK_20200429_IMG0024.JPG,1mMm9V_PynAQyrbSC0L_JEL9CdkZrt54O__RESPARK_20200429_IMG0024.JPG,2020:05:02 00:56:58,2688,1504
1mRWRfERo7G_WVTm7PyzKT9e-juBlCItV,RESPARK_20200429_IMG0287.JPG,1mRWRfERo7G_WVTm7PyzKT9e-juBlCItV__RESPARK_20200429_IMG0287.JPG,2020:05:20 04:05:04,2688,1504
1mUuK3bqYvzHZRn5DRCr6YamNQQSaz9pQ,RESPARK_20200429_IMG0299.JPG,1mUuK3bqYvzHZRn5DRCr6YamNQQSaz9pQ__RESPARK_20200429_IMG0299.JPG,2020:05:20 22:41:43,2688,1504
1mVSGIN7LbJUilEtqQD194Tm2I0rjRfx,_RESPARK_20200429_IMG0021.JPG,1mVSGIN7LbJUilEtqQD194Tm2I0rjRfx___RESPARK_20200429_IMG0021.JPG,2020:05:01 16:59:00,2688,1504
1maezyh3oBHBKte0UiSyTG7vp-vwczgDs,RESPARK_20200429_IMG0284.JPG,1maezyh3oBHBKte0UiSyTG7vp-vwczgDs__RESPARK_20200429_IMG0284.JPG,2020:05:19 16:05:55,2688,1504
1nG-c5aVEl8-o6sz3dwm4Krk0iUQsxbtx,RESPARK_20200429_IMG0240.JPG,1nG-c5aVEl8-o6sz3dwm4Krk0iUQsxbtx__RESPARK_20200429_IMG0240.JPG,2020:05:17 13:23:01,2688,1504
1n_wn9ozKmnQw6Jqd61YCNP6qoGYgkb4y,RESPARK_20200429_IMG0002.JPG,1n_wn9ozKmnQw6Jqd61YCNP6qoGYgkb4y__RESPARK_20200429_IMG0002.JPG,2020:05:01 11:55:31,2688,1504
1nebKIlv4eW8OMBefTLr3dFBpf8qO0yuh,RESPARK_20200429_IMG0162.JPG,1nebKIlv4eW8OMBefTLr3dFBpf8qO0yuh__RESPARK_20200429_IMG0162.JPG,2020:05:12 13:26:37,2688,1504
1nsDt6HyjBRJBLG0C5of_LGSkiV14n2L1,RESPARK_20200429_IMG0095.JPG,1nsDt6HyjBRJBLG0C5of_LGSkiV14n2L1__RESPARK_20200429_IMG0095.JPG,2020:05:07 02:19:49,2688,1504
1nvId6_nmDx79tcYJwJeUCHAOcZasCRhV,RESPARK_20200429_IMG0040.JPG,1nvId6_nmDx79tcYJwJeUCHAOcZasCRhV__RESPARK_20200429_IMG0040.JPG,2020:05:03 09:10:03,2688,1504
1o-qIM0dYU8EQHRE3bOZXSZp1r3gZmsV-,RESPARK_20200429_IMG0037.JPG,1o-qIM0dYU8EQHRE3bOZXSZp1r3gZmsV-__RESPARK_20200429_IMG0037.JPG,2020:05:03 08:59:07,2688,1504
1o2WOKOgRSLxi5c7HQ83XIFRklc5ZRQwn,RESPARK_20200429_IMG0042.JPG,1o2WOKOgRSLxi5c7HQ83XIFRklc5ZRQwn__RESPARK_20200429_IMG0042.JPG,2020:05:03 09:10:08,2688,1504
1oO2rH4oDONxBAdn8SfKdvZ415oguLwjF,RESPARK_20200429_IMG0180.JPG,1oO2rH4oDONxBAdn8SfKdvZ415oguLwjF__RESPARK_20200429_IMG0180.JPG,2020:05:15 05:20:43,2688,1504
1oabtzxvHnCM4OynaWjCi_fqBaQRll7fA,RESPARK_20200429_IMG0137.JPG,1oabtzxvHnCM4OynaWjCi_fqBaQRll7fA__RESPARK_20200429_IMG0137.JPG,2020:05:08 21:32:51,2688,1504
1oob-nGmmBwGas3NSz1uL-w-jnqnK3E1w,RESPARK_20200429_IMG0139.JPG,1oob-nGmmBwGas3NSz1uL-w-jnqnK3E1w__RESPARK_20200429_IMG0139.JPG,2020:05:10 06:07:34,2688,1504
1p2U92kQbTlGuJxEE5iZGbl049E3EyeMu,RESPARK_20200429_IMG0288.JPG,1p2U92kQbTlGuJxEE5iZGbl049E3EyeMu__RESPARK_20200429_IMG0288.JPG,2020:05:20 04:05:07,2688,1504
1p7C7d4oFcUQyeO-d-uGZgKD6Xg2eOSiH,RESPARK_20200429_IMG0255.JPG,1p7C7d4oFcUQyeO-d-uGZgKD6Xg2eOSiH__RESPARK_20200429_IMG0255.JPG,2020:05:19 02:12:03,2688,1504
1qAwwrSemgTsWcgc5ry9Csevwb5oK9Bt2,RESPARK_20200429_IMG0230.JPG,1qAwwrSemgTsWcgc5ry9Csevwb5oK9Bt2__RESPARK_20200429_IMG0230.JPG,2020:05:17 02:29:29,2688,1504
1qRK_tPTWY9mjYea4zcR45Hi3_b70gP8I,RESPARK_20200429_IMG0098.JPG,1qRK_tPTWY9mjYea4zcR45Hi3_b70gP8I__RESPARK_20200429_IMG0098.JPG,2020:05:07 04:50:39,2688,1504
1qaBPS2xKesa25t77AOjYRzcsxtEonnfJ,RESPARK_20200429_IMG0101.JPG,1qaBPS2xKesa25t77AOjYRzcsxtEonnfJ__RESPARK_20200429_IMG0101.JPG,2020:05:07 04:55:10,2688,1504
1qqz-4XDI07NWoor57AqM0uWBtBQicyNi,RESPARK_20200429_IMG0245.JPG,1qqz-4XDI07NWoor57AqM0uWBtBQicyNi__RESPARK_20200429_IMG0245.JPG,2020:05:17 15:01:16,2688,1504
1qzZJqRzXCnI1QubCab2xQ0g7UE-olwjI,RESPARK_20200429_IMG0281.JPG,1qzZJqRzXCnI1QubCab2xQ0g7UE-olwjI__RESPARK_20200429_IMG0281.JPG,2020:05:19 15:43:03,2688,1504
1rJeDblRsKja_9rasn14cyuXm-ecuDylt,RESPARK_20200429_IMG0148.JPG,1rJeDblRsKja_9rasn14cyuXm-ecuDylt__RESPARK_20200429_IMG0148.JPG,2020:05:11 00:55:04,2688,1504
1rMfsRZnDmKAzal7Zi2yRQOM7onsZOgih,RESPARK_20200429_IMG0028.JPG,1rMfsRZnDmKAzal7Zi2yRQOM7onsZOgih__RESPARK_20200429_IMG0028.JPG,2020:05:02 02:47:07,2688,1504
1rS-q1XOiVEi_DJ-3UPgUnOR2UOEpB6RS,RESPARK_20200429_IMG0174.JPG,1rS-q1XOiVEi_DJ-3UPgUnOR2UOEpB6RS__RESPARK_20200429_IMG0174.JPG,2020:05:15 03:45:25,2688,1504
1rxczY4vPZuSuzdXU5nDHinswCOXunW77,RESPARK_20200429_IMG0099.JPG,1rxczY4vPZuSuzdXU5nDHinswCOXunW77__RESPARK_20200429_IMG0099.JPG,2020:05:07 04:50:41,2688,1504
1ryHulSRgoVEhyLkW_fuNJ-11-O-Py2LX,RESPARK_20200429_IMG0191.JPG,1ryHulSRgoVEhyLkW_fuNJ-11-O-Py2LX__RESPARK_20200429_IMG0191.JPG,2020:05:15 21:42:31,2688,1504
1ryL2OQ5CQCSuqt2Vjsqw_DzbUof9f_vv,RESPARK_20200429_IMG0152.JPG,1ryL2OQ5CQCSuqt2Vjsqw_DzbUof9f_vv__RESPARK_20200429_IMG0152.JPG,2020:05:11 21:53:01,2688,1504
1sC5zsJJZ3ZMAcQmlUPe47HgYxc4Tto8F,RESPARK_20200429_IMG0084.JPG,1sC5zsJJZ3ZMAcQmlUPe47HgYxc4Tto8F__RESPARK_20200429_IMG0084.JPG,2020:05:05 21:44:35,2688,1504
1sNm4wFzzBH2WUfKcU8iytbkCMOzIS_k6,RESPARK_20200429_IMG0147.JPG,1sNm4wFzzBH2WUfKcU8iytbkCMOzIS_k6__RESPARK_20200429_IMG0147.JPG,2020:05:10 14:36:10,2688,1504
1tCOAX8LC6upe03F67MK8T9UadkMmgSEW,RESPARK_20200429_IMG0029.JPG,1tCOAX8LC6upe03F67MK8T9UadkMmgSEW__RESPARK_20200429_IMG0029.JPG,2020:05:02 02:47:09,2688,1504
1tFjiYwKV-7UC-i9nnvQ645ipxH4OTPG7,RESPARK_20200429_IMG0054.JPG,1tFjiYwKV-7UC-i9nnvQ645ipxH4OTPG7__RESPARK_20200429_IMG0054.JPG,2020:05:04 14:10:20,2688,1504
1tOGXwlQ1cb4WBS-kiVbFJKh1J-_hlyOA,RESPARK_20200429_IMG0183.JPG,1tOGXwlQ1cb4WBS-kiVbFJKh1J-_hlyOA__RESPARK_20200429_IMG0183.JPG,2020:05:15 21:36:17,2688,1504
1tR-7kteLU4k9GELKwYfGZt9GAH2W-CUE,RESPARK_20200429_IMG0080.JPG,1tR-7kteLU4k9GELKwYfGZt9GAH2W-CUE__RESPARK_20200429_IMG0080.JPG,2020:05:05 21:43:14,2688,1504
1tV53DoZmlibtviQtbFtGJqPmH5ytETgd,RESPARK_20200429_IMG0097.JPG,1tV53DoZmlibtviQtbFtGJqPmH5ytETgd__RESPARK_20200429_IMG0097.JPG,2020:05:07 04:50:37,2688,1504
1tolZvK_YTxpO6HLxj9ER1sb8SU-QYlsM,RESPARK_20200429_IMG0167.JPG,1tolZvK_YTxpO6HLxj9ER1sb8SU-QYlsM__RESPARK_20200429_IMG0167.JPG,2020:05:13 23:10:03,2688,1504
1tqSTAtbVpyfO7TTDf1rMHAc9fIdFV6Ra,RESPARK_20200429_IMG0209.JPG,1tqSTAtbVpyfO7TTDf1rMHAc9fIdFV6Ra__RESPARK_20200429_IMG0209.JPG,2020:05:16 01:59:44,2688,1504
1tswLk4Jd6kId0V3YuQAkedUn-MMqdgpX,RESPARK_20200429_IMG0157.JPG,1tswLk4Jd6kId0V3YuQAkedUn-MMqdgpX__RESPARK_20200429_IMG0157.JPG,2020:05:12 12:32:54,2688,1504
1ub0KVW9cli-mB7ON-zvFIqSJfFOoZWEP,RESPARK_20200429_IMG0130.JPG,1ub0KVW9cli-mB7ON-zvFIqSJfFOoZWEP__RESPARK_20200429_IMG0130.JPG,2020:05:08 15:39:14,2688,1504
1uouEc8ZACyefBGJ3jDhSFGDDY6b_De1a,RESPARK_20200429_IMG0053.JPG,1uouEc8ZACyefBGJ3jDhSFGDDY6b_De1a__RESPARK_20200429_IMG0053.JPG,2020:05:04 14:10:18,2688,1504
1v2bZoDXtggKcFS-cpYkUVydNjMzJawVY,RESPARK_20200429_IMG0300.JPG,1v2bZoDXtggKcFS-cpYkUVydNjMzJawVY__RESPARK_20200429_IMG0300.JPG,2020:05:20 22:41:45,2688,1504
1vEifNibGr3TmZMat7UoyRGIg0MwMXKtO,RESPARK_20200429_IMG0156.JPG,1vEifNibGr3TmZMat7UoyRGIg0MwMXKtO__RESPARK_20200429_IMG0156.JPG,2020:05:12 01:30:53,2688,1504
1vaTv1zwMT4-YtW1WyaL97HpxjuyxmV8A,RESPARK_20200429_IMG0033.JPG,1vaTv1zwMT4-YtW1WyaL97HpxjuyxmV8A__RESPARK_20200429_IMG0033.JPG,2020:05:02 03:25:44,2688,1504
1w8-uekERwgc0r46aQLSFIWaPyvVyvg_T,RESPARK_20200429_IMG0199.JPG,1w8-uekERwgc0r46aQLSFIWaPyvVyvg_T__RESPARK_20200429_IMG0199.JPG,2020:05:15 22:49:17,2688,1504
1wPg_mZuQy8TFiTh_056y09Vk39c0CanN,RESPARK_20200429_IMG0122.JPG,1wPg_mZuQy8TFiTh_056y09Vk39c0CanN__RESPARK_20200429_IMG0122.JPG,2020:05:08 04:31:46,2688,1504
1wpgyLTTHYlMTTY5TznQ95cOuLIuy3or6,RESPARK_20200429_IMG0118.JPG,1wpgyLTTHYlMTTY5TznQ95cOuLIuy3or6__RESPARK_20200429_IMG0118.JPG,2020:05:08 03:35:43,2688,1504
1wuj-r9_nXtxCamLtn0JckONl9nxwi6Iw,RESPARK_20200429_IMG0257.JPG,1wuj-r9_nXtxCamLtn0JckONl9nxwi6Iw__RESPARK_20200429_IMG0257.JPG,2020:05:19 02:45:00,2688,1504
1wvyHXE7ZAWCrdLLFV_hy48cxdm3zqGva,RESPARK_20200429_IMG0027.JPG,1wvyHXE7ZAWCrdLLFV_hy48cxdm3zqGva__RESPARK_20200429_IMG0027.JPG,2020:05:02 01:05:49,2688,1504
1wy8r9CBBwY64zUHBJ_GyQb3qWKq-axuH,RESPARK_20200429_IMG0223.JPG,1wy8r9CBBwY64zUHBJ_GyQb3qWKq-axuH__RESPARK_20200429_IMG0223.JPG,2020:05:16 22:42:11,2688,1504
1yAu5hBcAWo8Cu0VmfawXmerxoZmwDBVR,RESPARK_20200429_IMG0107.JPG,1yAu5hBcAWo8Cu0VmfawXmerxoZmwDBVR__RESPARK_20200429_IMG0107.JPG,2020:05:07 23:26:05,2688,1504
1ycRiOaxtBtgeMANDOwoFOqYTPjLTakOx,RESPARK_20200429_IMG0112.JPG,1ycRiOaxtBtgeMANDOwoFOqYTPjLTakOx__RESPARK_20200429_IMG0112.JPG,2020:05:08 00:43:46,2688,1504
1zU0BX_6AggUAHdmfcjnDJh-znal1MATe,RESPARK_20200429_IMG0121.JPG,1zU0BX_6AggUAHdmfcjnDJh-znal1MATe__RESPARK_20200429_IMG0121.JPG,2020:05:08 04:31:44,2688,1504
1zo1gOHEFFcPYQo-itekMhh9k-pY2DnQt,RESPARK_20200429_IMG0217.JPG,1zo1gOHEFFcPYQo-itekMhh9k-pY2DnQt__RESPARK_20200429_IMG0217.JPG,2020:05:16 16:09:53,2688,1504
1zoM9RP7waxn2CPvdHv_uslCFb7Y39FY5,RESPARK_20200429_IMG0283.JPG,1zoM9RP7waxn2CPvdHv_uslCFb7Y39FY5__RESPARK_20200429_IMG0283.JPG,2020:05:19 16:05:52,2688,1504
